,A,B,C,D
2000-01-01,-0.4369111185061312,-1.8483251309053328,-0.6617698662990396,-1.0670382746285658
2000-01-02,0.12532483669720706,-0.710450164797712,-0.4191616105796857,-2.4269656232856622
2000-01-03,-2.1197473027330718,-0.5671957448703149,-0.7186069403813617,-3.580714726644133
2000-01-04,-3.346678081412141,-0.6857359922494748,-0.6128626504890605,-4.185802319315986
2000-01-05,-3.9804510815282343,-2.3268140265894566,-0.011251707141963774,-3.0566836382077884
2000-01-06,-2.9504767901886275,-2.6638517703987423,-0.26290078540801776,-5.5613711737496185
2000-01-07,-3.2934354397127343,-2.657890627888871,-1.4111004050379576,-6.931760826004532
2000-01-08,-3.574970601871433,-1.624940418483759,-0.6865734011987934,-6.079378470115535
2000-01-09,-3.6485956033925966,-0.8713492476588508,0.12086462612475868,-4.573010081940966
2000-01-10,-3.1140218430371562,-0.3019485802185162,-0.22894148191419783,-5.371828523588944
2000-01-11,-2.4656957567453945,0.11179921089547035,-0.7045890461241427,-4.054008176956251
2000-01-12,-3.3857183923779286,0.6046819394821907,0.2970342967732452,-4.585735864468392
2000-01-13,-4.740254622911941,0.5633016355577575,0.6854413130865875,-4.279152459053694
2000-01-14,-5.6173847929886165,0.6629165309518575,-1.3747766647002864,-4.31762338164689
2000-01-15,-5.5340581470828445,0.5194193175474606,-1.2818966472701072,-5.639055190675286
2000-01-16,-5.635439528971462,0.3836624110721162,-2.5202152596558838,-7.008876673303047
2000-01-17,-6.139727033899424,2.474896462672981,-2.8378879853836323,-6.891718471627806
2000-01-18,-5.070576885858776,2.8813712050052813,-2.3265075191334743,-8.50297293952297
2000-01-19,-3.725534606069071,3.7882591935024936,-1.7286423680468634,-7.62739461685257
2000-01-20,-5.1039553133025155,4.413157757822857,-2.201064102928545,-7.138612739145695
2000-01-21,-5.653132286754556,3.362774563258204,-2.3197295337667807,-6.429354331682164
2000-01-22,-7.304589241503075,3.4865113908645706,-1.8587125900609227,-6.972615478902215
2000-01-23,-8.136592955819088,3.28325452414008,-1.3137860273141835,-7.3498519293829805
2000-01-24,-9.622414416085478,2.8718995567297334,-2.676016435249152,-7.379004145120438
2000-01-25,-10.089016390921095,4.4116736456241386,-4.29626369469573,-6.565434957601932
2000-01-26,-9.167092846813254,4.696924848508832,-4.814046270927693,-5.527366127598212
2000-01-27,-9.166873038642827,5.007338531527046,-3.464048083834401,-4.543256567122326
2000-01-28,-10.666348866249672,4.318526056525187,-2.232850503549856,-3.2715811709109266
2000-01-29,-11.013661973512681,3.468240974517508,-1.5836192614160653,-2.4826777846213233
2000-01-30,-9.584467883322619,3.200569589799848,-0.9968031400001193,-1.801179164933417
2000-01-31,-9.05689966309123,2.5254497547802197,-2.565271915071136,-1.2699866480507698
2000-02-01,-10.488476744626514,2.9231456680897088,-3.203736314214301,-1.3025245036171587
2000-02-02,-10.599560944047964,4.209077936788751,-3.542996417450467,-1.0640895585918884
2000-02-03,-8.460003189457904,6.011429865788946,-0.5074955357507624,0.3859463560989391
2000-02-04,-9.982323203900183,6.548753790190994,-1.9435791058322884,-0.3005970413974405
2000-02-05,-10.748154320682897,7.000629962322753,-2.2836254395599496,-1.5616036436766279
2000-02-06,-10.835989668878117,7.698300924774474,-2.323523556752708,-2.8790821959541404
2000-02-07,-11.31786912736121,8.91875705946677,-2.7018033575368476,-3.5770601600739655
2000-02-08,-11.986659231149853,9.334126245547683,-2.5897893469815814,-4.321276621664994
2000-02-09,-11.757888548574414,10.046240800915532,-1.3516576224086299,-4.4569255031129815
2000-02-10,-12.80311836217928,10.583876643261616,-2.90009498160786,-5.229918995936505
2000-02-11,-13.783419862829973,10.421175096552739,-2.933003317328435,-4.989373804759705
2000-02-12,-13.489822915900383,9.177956281638195,-2.5627599515300683,-4.759297751470452
2000-02-13,-13.965835866702019,9.412500081801031,-3.2417025792034346,-5.681955854716442
2000-02-14,-13.252804182119812,9.889005497793322,-3.3617399645480437,-5.331893334907683
2000-02-15,-13.25540413657932,9.61892602777037,-1.7958868235280276,-5.427432185212122
2000-02-16,-13.547062749561535,9.740845155006921,0.21719100590453722,-5.971234805609575
2000-02-17,-12.763179724600821,9.104279907457489,0.9406593917886349,-6.049920912625076
2000-02-18,-12.506120403146701,8.632676334437381,0.6489697275454671,-4.66303913090642
2000-02-19,-13.431657380626556,9.550043114852956,1.6673678376502512,-5.520259388266419
2000-02-20,-12.353964620501259,11.857646290798149,-1.0169190611105365,-6.071921540000716
2000-02-21,-12.87017493721328,13.075827409616933,0.5082407815443042,-6.896354857862872
2000-02-22,-13.86874382680741,14.59483164428454,-0.31263026688092377,-5.740966430545798
2000-02-23,-14.861430316875254,15.43098520901977,-0.6898816720742393,-6.792648408837747
2000-02-24,-15.652099146988402,17.20803039825798,-1.958095296940384,-7.644094147267984
2000-02-25,-15.41209671195885,16.457903030366698,-2.111049997873815,-7.878888496972651
2000-02-26,-15.773059819873065,16.77062207546715,-2.2003673874361374,-7.311168131001694
2000-02-27,-14.32894146632732,15.183022114065682,-0.11397203441995751,-8.424286064409745
2000-02-28,-13.235558479981734,16.19580478590735,-0.5873834859577278,-8.35360662975302
2000-02-29,-12.799666365421466,17.000377425501178,-2.420003216047962,-9.889693164140514
2000-03-01,-11.989821644140935,16.80121855278817,-0.9866473996597609,-8.464142566683723
2000-03-02,-13.29586323058457,17.740835261589254,-0.5775420966503342,-8.655827929188685
2000-03-03,-12.172511780523315,17.59912039586932,-0.27907764189900025,-10.369171470594473
2000-03-04,-12.204081985003672,18.058683866284152,-0.9333595833325403,-11.361258319926979
2000-03-05,-11.427588781434507,16.013211313637843,1.4232366103646612,-11.184053129086314
2000-03-06,-10.445950148020357,17.736862024238523,0.8251831617250003,-11.682109843429766
2000-03-07,-9.89764339712148,17.254725101611843,0.20271392803813015,-11.432335791584288
2000-03-08,-8.099265633118996,17.564891684007186,-0.3698793545218505,-13.273344921123636
2000-03-09,-9.341290547917232,16.36096705322268,1.266890786885933,-13.24778361694816
2000-03-10,-10.183203692812489,15.667417862163852,1.487877199307594,-13.406240680409695
2000-03-11,-9.305178044928692,16.150521471121873,1.320963849362491,-12.219049484667178
2000-03-12,-10.572379951391042,16.968296030688837,-0.8002202346097307,-12.068101242809721
2000-03-13,-11.52112485699737,18.250654848108198,0.3682430953717819,-12.60105143475409
2000-03-14,-11.41293788242266,17.25639260361324,-0.5286820174703742,-13.94861722914171
2000-03-15,-12.802003759413543,16.873061051162114,0.20651681124428867,-14.571209688840911
2000-03-16,-14.048862780134739,16.13162502302118,0.9880725639620133,-16.230028170887046
2000-03-17,-14.215316560605169,16.27254207071727,0.35504135762921984,-16.528345929133874
2000-03-18,-12.328106380176207,16.101825154353037,0.9249028797727998,-14.588117237305608
2000-03-19,-11.949508180674895,16.997668592372527,1.7465989215204694,-15.445898042452951
2000-03-20,-13.453255290948029,16.999626907820574,2.0552148964009107,-14.713688781132104
2000-03-21,-15.297869072477699,16.943659373958877,1.5966507049118963,-15.635560892217821
2000-03-22,-14.948122141667822,15.350927900400668,2.46672265525703,-15.469543158571192
2000-03-23,-16.231900299557473,14.671724903271445,3.2110474383200533,-14.71566675126842
2000-03-24,-17.038972322437576,14.876567509958003,4.210722303706518,-13.780643212622637
2000-03-25,-18.646641285968816,18.012306757984078,6.315353329038581,-12.606735921488553
2000-03-26,-20.327936456219103,18.115051692299673,4.7051191938448484,-14.074064423235521
2000-03-27,-21.708113382242093,17.673540623465666,6.963739071302021,-14.776645479146158
2000-03-28,-23.955765108797046,16.885586390133454,8.072242178451743,-14.569521655135595
2000-03-29,-23.57004444423391,17.88130661535592,8.341109467629437,-15.22151284149354
2000-03-30,-21.032926372471106,17.461874077055263,7.148867267220916,-15.246639480233846
2000-03-31,-21.152996652915675,18.938790588841517,7.0706055359057025,-15.23180712045324
2000-04-01,-21.539099339016214,19.91246360157757,6.434688346473572,-17.571724033292274
2000-04-02,-22.151989560418656,20.22708476988006,6.29348138841442,-17.421359432838923
2000-04-03,-22.36213400342107,20.62865083610753,6.632031487344925,-15.825361254527262
2000-04-04,-22.389922443296463,22.076090382350472,6.583577258557636,-16.968517441063145
2000-04-05,-21.72495226647969,20.569311366600417,5.630350471761605,-15.71822172830878
2000-04-06,-22.382686320657196,20.461777620255432,5.144434583739048,-14.991624980820067
2000-04-07,-23.08895527436869,22.047234044279506,5.114861250052441,-14.42793213949672
2000-04-08,-22.2602444777183,22.512245705508874,4.990894473521627,-14.804036761588302
2000-04-09,-23.515540320538395,22.571970372194684,4.9826521524931895,-15.814475109041608
2000-04-10,-23.765145750504768,22.07784779096682,3.037592609334059,-17.7944036681205
2000-04-11,-22.393432440407963,22.056342091618863,2.711375225217884,-16.82115736126202
2000-04-12,-22.410435811807687,21.733822813170327,2.502309420860633,-18.409494180528522
2000-04-13,-20.866631744816114,21.270526646739402,2.358141687535607,-18.11327567724572
2000-04-14,-21.82327351199239,22.668105181657346,2.3926175556870874,-17.424080912775196
2000-04-15,-21.739660516990078,22.363808622642292,1.753256758588443,-17.554609837604012
2000-04-16,-22.0400717837531,20.425603343129712,1.7372393011880445,-16.637378366636163
2000-04-17,-18.799220280246157,19.321739797116624,2.9091925950384736,-18.083147986539796
2000-04-18,-18.453741795267444,18.329501745262455,2.977369962900127,-16.462609575992825
2000-04-19,-18.928146731303737,19.27231243616111,4.0525238588662615,-17.061758006184352
2000-04-20,-18.010515115028152,18.865666045903083,2.751733065224353,-17.656965572280264
2000-04-21,-16.566051995375727,20.026069303905864,2.1746421878112834,-18.44335518044012
2000-04-22,-16.85627499722545,20.59757011134068,2.8795970426097774,-18.075742937594864
2000-04-23,-14.909755907632537,21.012414529935842,3.745890961545814,-17.796779000938603
2000-04-24,-16.136017845023527,22.816992396062894,2.995851543314985,-18.117821326330677
2000-04-25,-17.102575570568305,24.337232388269395,3.082245638200123,-19.494580311170346
2000-04-26,-17.186046142075426,24.689870432871217,4.148139210333017,-20.113233797285183
2000-04-27,-16.73300957428524,23.851220518023563,3.2105795709515794,-19.38232969500466
2000-04-28,-14.103973020529024,23.642066117741187,3.2652218201491983,-19.13763207914878
2000-04-29,-14.374102035763789,23.146185274078512,3.98727377339204,-20.077963744579765
2000-04-30,-15.699367191542363,23.0396998493553,2.2090221450858083,-20.635658216794546
2000-05-01,-16.09896156014026,23.337248787214204,3.3097935283010766,-21.988661869496177
2000-05-02,-17.32564142419992,23.248180853811085,3.6495946483752295,-23.53671547882269
2000-05-03,-17.23486696782868,23.228487564456664,2.6672586336969886,-21.83520426399369
2000-05-04,-17.520212485288294,23.90376965358921,2.0135637303016996,-23.265597007039094
2000-05-05,-17.73902923477788,24.748673681208576,1.714798754766876,-21.723947431366827
2000-05-06,-17.15747734268082,27.3488103754987,2.0093610678736127,-19.39325518128332
2000-05-07,-15.942990375653963,25.717431651533012,2.6558590274314784,-19.724537029113723
2000-05-08,-18.322611900319952,26.099672495411262,3.98258088272853,-19.754465602391836
2000-05-09,-19.043775957433372,25.87367693452381,2.6324648682630087,-20.29636692826551
2000-05-10,-19.07752160235,26.393831702317023,1.9789960317448911,-19.731260477724938
2000-05-11,-18.51446564293414,25.246045012021643,2.056940104900671,-18.89600398545523
2000-05-12,-19.722435129376766,25.2106918962254,1.2614193802884555,-20.44827689714778
2000-05-13,-20.6366319877518,25.665862385135533,0.7394607431374863,-21.539973866587886
2000-05-14,-19.381894039413115,24.546082702495507,1.7809134281002224,-21.07073815001001
2000-05-15,-20.221707534565596,25.755284081049176,2.3740051469292602,-20.455934923987346
2000-05-16,-20.22434671296326,25.404445226922576,-0.0635457377365527,-22.0180776029289
2000-05-17,-21.19698436540402,27.143452610101573,-0.761478640119943,-22.473783643697566
2000-05-18,-21.856659709784964,25.523971757015264,-2.542440892587959,-21.99717382165682
2000-05-19,-23.088692789920366,25.13990620931915,-1.1694402480227348,-22.04696400354123
2000-05-20,-23.2446201366367,26.213576459747014,-0.8318731568714277,-21.916521268561524
2000-05-21,-22.187981084184983,26.349802575431248,0.279563103893532,-21.53990740217247
2000-05-22,-22.442542157556588,26.397696845985664,0.8157801314682426,-19.37314775145935
2000-05-23,-23.498934886302028,27.123778536387988,0.42706418459801887,-20.456818291656266
2000-05-24,-22.92019671734393,26.99456356475964,1.4177718479051529,-20.021906907615627
2000-05-25,-23.307712702141888,27.170807256134054,-0.6342590723459054,-20.538558600333573
2000-05-26,-23.275981768349784,27.519882978809225,0.3038449396880858,-21.228760678151268
2000-05-27,-24.804713541975477,27.8904534023223,1.196024161397633,-21.999614713718582
2000-05-28,-24.361515123445546,27.26971251185643,-0.8381431799022692,-21.140557888663224
2000-05-29,-24.11800352413011,27.29296275761322,0.3588785550290139,-21.603698360849933
2000-05-30,-23.84543357060497,26.532231376574455,0.818212428616125,-22.063311083444262
2000-05-31,-24.37305315458463,26.037372406297003,1.241994969160988,-22.49802504841978
2000-06-01,-23.282951204305114,26.909504752439506,1.5196370552639953,-22.55732138512395
2000-06-02,-24.121947752804214,27.079976978752306,2.0525246177943672,-24.01679742254137
2000-06-03,-26.74662204711353,27.368739627390358,2.4468746905981424,-24.10749918645608
2000-06-04,-26.606866386960643,27.061480984879058,2.2739174443843813,-25.276196734480948
2000-06-05,-26.336265214547776,28.507621496603935,0.9326519375878226,-26.735334831233867
2000-06-06,-26.559272271111848,29.756795474907758,0.8920560221778392,-25.084571114024943
2000-06-07,-25.916408783482723,28.338693801466537,2.5656776901925493,-25.299266143779704
2000-06-08,-26.23580904932265,27.479669272036325,4.267811750926896,-25.36874762641115
2000-06-09,-27.60696831706183,28.663570820148284,5.720908231822458,-26.85615940852364
2000-06-10,-27.587527486198162,28.652790563627843,6.03935744112729,-26.617672298776277
2000-06-11,-25.79009629324242,27.05957507509737,5.843070310700294,-27.012000867620706
2000-06-12,-25.545352520342686,27.765858309178647,4.721840908900925,-26.902647207929423
2000-06-13,-25.451099698775238,29.060999363818723,3.8321130744924137,-27.001198652912983
2000-06-14,-23.021457679106913,28.199512652552233,2.377021536290883,-27.307626886215655
2000-06-15,-21.09951680881033,29.305676785474194,1.8166945729142903,-27.32103975603574
2000-06-16,-19.58865318251117,31.684321557806996,1.0038268144198943,-27.533976502186274
2000-06-17,-19.65128156703632,33.443106746591845,0.44063473302174194,-27.058001926009283
2000-06-18,-19.789002767972434,32.531114992509856,-0.6629984306851051,-27.908276584376722
2000-06-19,-21.428385201838076,35.197501052728796,-0.02101997136673861,-28.22220859854287
2000-06-20,-22.264788589431046,33.72515978144057,-0.7558478068211849,-28.199859623939204
2000-06-21,-24.00390778822882,34.24781172317753,-0.5300605438719938,-28.8362385490655
2000-06-22,-22.869769786906833,34.33535723151918,-0.9323783546099516,-27.872776500074067
2000-06-23,-24.84133210905872,33.90571964075848,-1.3097290354768842,-27.978847795712724
2000-06-24,-25.83067119242266,32.81508670147985,-0.9782250049610322,-28.432271508833704
2000-06-25,-26.933118473110852,33.73401608424039,-1.1941320529322415,-28.892459494173842
2000-06-26,-25.021851447284728,34.187361343167204,-0.019969792743040893,-30.437412237980137
2000-06-27,-24.689512103876133,34.2629978285309,2.8759380652647097,-30.226112567070395
2000-06-28,-25.440017809822827,34.827286906340234,2.216757268086393,-28.815882412240946
2000-06-29,-25.890901611343747,34.83048056540143,2.2678703742195903,-27.65805778008858
2000-06-30,-25.959336239883037,35.33539577276682,2.1582329139856173,-26.68330336869031
2000-07-01,-27.03090660622473,34.01855251963656,2.6291693361060906,-27.669476657088644
2000-07-02,-27.9377297456169,34.10363820112681,3.224459184277332,-27.09045486871153
2000-07-03,-28.583497014700644,33.603285407518165,2.17014109113005,-26.11195890082874
2000-07-04,-26.629538001566296,36.25932820637051,2.341777240211737,-26.948693262866207
2000-07-05,-25.30967077923482,36.92657932113994,2.2106521291286314,-28.040195178476413
2000-07-06,-24.59727258732465,38.05943469778891,-0.30166296187014563,-29.129715462232124
2000-07-07,-23.23961820375569,39.12277101430267,-0.5685631308196781,-29.88201527842214
2000-07-08,-23.64877101783066,38.3058022840208,0.3273554167679261,-28.94381097103002
2000-07-09,-25.265628748420497,37.45370117449486,-0.23323935933364537,-29.302546530975448
2000-07-10,-25.13264411196291,36.06056589220785,-0.1880847286778991,-27.812408235121698
2000-07-11,-26.515124539727985,37.19496561131806,-0.3249009779777159,-27.356334452566298
2000-07-12,-26.99700091386054,38.70863744645884,2.258805075798695,-28.657551924105782
2000-07-13,-26.697929448261934,39.191698883349346,2.8932054218235335,-28.43261253347599
2000-07-14,-27.10581379043591,39.0581402716027,3.9727469382780782,-28.559163302445594
2000-07-15,-27.108218656983578,39.09279730364337,2.7966347357226677,-27.98575648142651
2000-07-16,-26.11221806792177,38.85603765903956,1.761905921995266,-27.607794170973804
2000-07-17,-26.511896370348826,39.14355798484228,2.4198022167886974,-27.11193917391732
2000-07-18,-25.331481921515067,40.16525943937648,1.3849075219021294,-26.991983583648672
2000-07-19,-25.850367295234378,39.455785679520005,0.7431303099127308,-29.631476008261558
2000-07-20,-27.079756088138673,41.23187548917205,-0.430572025663042,-29.776614443666347
2000-07-21,-26.270761135020756,40.44485624609893,-1.326054513388665,-29.515662608930324
2000-07-22,-26.75035753837737,39.04232479829994,-2.6389824601653125,-29.62630936907936
2000-07-23,-26.111682189077168,38.89311892316253,-2.615063068641569,-31.011881548471624
2000-07-24,-26.85210410752466,37.346426328060055,-3.578307043835024,-31.63650924807048
2000-07-25,-26.626687135935143,35.94850456561618,-4.286851502346752,-30.498996799688985
2000-07-26,-25.046843320306223,36.35736067788764,-4.58673157763335,-32.28768425255805
2000-07-27,-23.86686609033189,35.18410770164925,-6.092055144227971,-31.33785109395317
2000-07-28,-23.685204764727104,35.30601219631646,-6.323988592278177,-30.837892984154816
2000-07-29,-23.684551423736973,36.29281685181906,-8.764114918190208,-29.46169644432374
2000-07-30,-24.832028726616613,34.62208569025946,-6.5941731353312,-29.815823951184065
2000-07-31,-23.38784386362402,33.465707457404925,-5.829364115495761,-28.385677896554245
2000-08-01,-23.79633328673061,31.706472428042364,-7.600552425274099,-28.423232066232714
2000-08-02,-24.84518347384876,31.709849036709816,-7.18359844218204,-27.877715765940554
2000-08-03,-22.733614312170346,33.18533188791598,-5.020648984680277,-28.553861960692213
2000-08-04,-23.86374913987199,33.0712664934039,-3.400648329567109,-30.439856865344797
2000-08-05,-23.453368932260776,31.91524478291354,-4.689599622272686,-30.69965614311864
2000-08-06,-23.374615449599286,32.16715450990405,-5.612381610670044,-30.437903276942382
2000-08-07,-25.00009024329728,32.84592807014133,-4.86121630821067,-30.598115410011257
2000-08-08,-24.43076699141465,34.9173087836106,-4.034229632822479,-31.489181015034386
2000-08-09,-24.925736803315235,34.739632293485045,-3.9915654875277906,-29.57578416092735
2000-08-10,-24.722971347395617,34.355641651425486,-4.274337945041829,-29.46696678775947
2000-08-11,-24.881802851619476,34.26651396663779,-4.7709712242048905,-28.607241754578773
2000-08-12,-25.648892118959015,33.83551484178198,-6.846951050260671,-27.186320972557866
2000-08-13,-25.279862297868867,32.302916456352634,-6.937287556218608,-27.664958516083434
2000-08-14,-26.43450711272499,31.90727808926623,-8.97476590412793,-27.888533685098707
2000-08-15,-26.34359996423012,30.4793661263856,-8.966509971404669,-28.97244094184315
2000-08-16,-27.72821179852993,28.570391079800437,-10.243383210383518,-28.681407352576233
2000-08-17,-28.8463515319282,28.418464434372904,-11.197257994289597,-26.09340139956991
2000-08-18,-29.369380161209776,29.323760041666013,-11.632900925526549,-24.590198416028855
2000-08-19,-28.226192870628278,29.187487921437498,-11.129712916372057,-22.854449851492515
2000-08-20,-27.304167188840367,29.899870734619803,-11.349564406217572,-24.27816117444202
2000-08-21,-26.999655219190778,31.163631682407864,-9.013121249783532,-24.705384967177523
2000-08-22,-26.38221479782652,30.279991726476226,-7.98540220112511,-26.406972364152537
2000-08-23,-27.879233330271912,31.833859702730013,-8.409935133045154,-27.079717624437983
2000-08-24,-28.050214393586735,32.21760739958862,-8.406563410916121,-26.745301117175664
2000-08-25,-28.003076982263785,33.74168636196907,-6.681754184916957,-28.421618831420655
2000-08-26,-27.39093492300898,36.21111197373127,-5.596906692868581,-29.616623301184696
2000-08-27,-27.14737646055826,36.2293932976271,-6.42052395090775,-30.029646940843847
2000-08-28,-28.3100365735613,36.478402595221056,-5.505428672632639,-30.344188162281196
2000-08-29,-28.234880575165963,36.48532575389894,-6.649382521474319,-29.917012355176745
2000-08-30,-27.23831171041458,37.18754376434688,-6.441806105758335,-30.304653031053842
2000-08-31,-25.862038451535124,38.43624479507225,-7.028675784269835,-31.29189113361755
2000-09-01,-26.45139373683447,39.30926964510076,-7.071108457047356,-30.851487865881616
2000-09-02,-26.576635042960014,38.03124365579194,-5.7513060452877385,-31.232922705533213
2000-09-03,-26.488262265950667,37.32097660108969,-6.383785007897222,-30.761938527744682
2000-09-04,-25.820398998885913,37.164992242755154,-7.572026974897913,-30.254276655244002
2000-09-05,-26.013779171548368,35.97033807267869,-7.958897214822673,-31.88066018564534
2000-09-06,-26.17419675987601,34.47876482804113,-8.515692344659747,-32.558893301873525
2000-09-07,-26.472717201730635,34.866623858281436,-10.198126155749147,-33.87171336228174
2000-09-08,-25.471852947295066,35.06408007072049,-10.905439328075529,-33.346855168928606
2000-09-09,-25.94301727038515,36.74304230507219,-8.349918904427096,-34.39636079355374
2000-09-10,-26.140066770812346,37.59224802666905,-8.047968464050133,-35.62803195835322
2000-09-11,-26.274790663995702,38.320059976654285,-7.565190181729203,-33.92218897579886
2000-09-12,-26.492970136748326,36.9278822357715,-9.490042090964574,-32.93343887155901
2000-09-13,-28.094864800553534,36.832867911333395,-8.81452684095596,-32.39268568369369
2000-09-14,-29.744129952973253,36.89642819102435,-7.670065118471463,-33.512160687662394
2000-09-15,-29.657429317774316,37.67194657928,-7.780300002310097,-34.27086482876923
2000-09-16,-29.48916126079226,37.671679412039815,-9.24336975261626,-34.87269547989188
2000-09-17,-29.18368027636912,37.57324215369784,-9.742692482305351,-33.98652755735516
2000-09-18,-29.437015905491688,36.76628270851704,-9.576588617012323,-34.087750198852156
2000-09-19,-28.785607002074524,37.89915084038611,-8.414016817540285,-32.24552551681088
2000-09-20,-29.542738258648463,38.296403135472104,-8.5800306930971,-31.373677338636124
2000-09-21,-28.998912233417816,37.41892950492654,-10.035489578542027,-32.690790487203415
2000-09-22,-30.11891693276704,36.989962027063314,-9.286892169794275,-33.2715320193344
2000-09-23,-29.28104597362923,37.279940384255596,-7.819668391160325,-31.738955140707805
2000-09-24,-30.337490365900152,37.218452774733485,-7.105483320027688,-31.486163869702477
2000-09-25,-31.58525907736533,36.455591140636734,-5.982993041521478,-32.15856333367674
2000-09-26,-31.61464530503458,36.6362081497646,-7.135993317158077,-29.759063304855392
2000-09-27,-32.81714780600575,35.91200380164441,-6.707308384975513,-28.643626632698282
2000-09-28,-32.25110578989889,35.981404134046514,-5.459151611032847,-29.717602957643695
2000-09-29,-33.96384371343531,36.01578493059003,-3.7178925936476093,-29.182483347025723
2000-09-30,-35.08582359544972,34.60910865599031,-0.7846866299067083,-29.876244742071755
2000-10-01,-35.36564628819602,35.006722205429824,0.4874280627560259,-30.92993399118069
2000-10-02,-35.3349026186543,35.055415401000026,-1.1965398983352076,-31.601629171454633
2000-10-03,-36.27910798376939,35.99687226845544,-0.9476598349403043,-32.113339027928724
2000-10-04,-36.01099732781422,34.3123534291317,-3.084476086462296,-30.99933260875718
2000-10-05,-35.581389187445296,35.54173848242885,-0.9017383968588049,-29.683321949090264
2000-10-06,-35.211811730911656,35.6880220031212,-1.3883664661430473,-28.614628297607794
2000-10-07,-32.3683393857368,36.75816783042787,-2.3577456288045573,-28.332156802878448
2000-10-08,-34.06410519655506,35.63950650604536,-2.2175015572879078,-29.51264929435678
2000-10-09,-34.66991352088796,35.5223961426085,-2.988107764794765,-30.844398783610643
2000-10-10,-35.59462728446942,35.44963922741933,-3.777759645703298,-29.436003089792397
2000-10-11,-35.176549848184685,35.25626863117649,-2.9659119215181575,-28.540146402224877
2000-10-12,-36.8603950736828,35.15715206459554,-3.1556433613921464,-29.034797665224538
2000-10-13,-38.4026472810837,35.46624826933876,-3.5511008791084846,-28.797592974284864
2000-10-14,-38.643242359123605,35.57340600182241,-3.135956075806609,-27.80917029484002
2000-10-15,-38.29829582244704,35.769516757374326,-4.502816105395399,-27.127337400264036
2000-10-16,-37.97899217609912,37.5661837000399,-6.299031827733005,-25.42473791255854
2000-10-17,-36.95467082690127,36.52234244639936,-6.45926574945735,-23.910845601860927
2000-10-18,-37.860812329375264,36.0241349749457,-7.599860347463062,-23.34947783448411
2000-10-19,-38.833014464269155,36.18078256854828,-7.365100318562677,-22.216005936558943
2000-10-20,-38.24999034542962,36.43935828464626,-7.878434644311915,-22.175058131273882
2000-10-21,-37.9865915204344,36.50700709041547,-7.6767414891069645,-24.097737425567953
2000-10-22,-37.78728910938056,35.81717621533785,-7.7505852070244226,-22.476483736993462
2000-10-23,-39.188114738075186,36.95016471031681,-6.2080023025474755,-22.257541546852483
2000-10-24,-38.61105299217368,37.246765841616686,-6.605484601421504,-21.20715179454297
2000-10-25,-39.05864788751051,37.744631101877296,-5.37834540457513,-21.39346089149666
2000-10-26,-39.28082579854684,38.84450671941744,-3.537224974319268,-20.182553872263647
2000-10-27,-38.49799556192049,38.342767534462126,-3.8298059774969095,-20.375204484087806
2000-10-28,-38.56548949206827,39.375572594568254,-3.9517593262403814,-20.17633806487223
2000-10-29,-37.38911464732792,40.7037750952403,-2.749985862221115,-19.622765370661597
2000-10-30,-38.66898967089499,41.40181914565273,-2.3506139804956105,-20.57956907481462
2000-10-31,-38.77875389481961,40.57009164006548,-1.6961450450673574,-21.380430794707642
2000-11-01,-38.786173522758304,40.39330908658844,-2.8413925616555766,-21.877156478247574
2000-11-02,-39.37708678918056,41.68398342827175,-2.6740211484601177,-22.51858788317448
2000-11-03,-39.39994596599684,41.82006499225282,-2.8302526047727783,-21.737583185414625
2000-11-04,-39.14425584544549,43.9927305633845,-1.3938626895930286,-22.742958226966618
2000-11-05,-37.76354868428121,44.0911292245004,-1.2482959014384705,-22.15287234560489
2000-11-06,-37.33252046000147,44.156252419918424,-2.89441959711956,-23.801920129322774
2000-11-07,-36.09953447386521,41.59951661653457,-3.287781632992587,-24.504290608903613
2000-11-08,-36.68093247323489,43.73446041438959,-2.6953671370130876,-24.929686740036693
2000-11-09,-37.52977922443405,44.04762808629222,-3.704283555489165,-25.55681633810586
2000-11-10,-37.870860823789165,43.225791749038834,-4.613019916792116,-25.20946429900189
2000-11-11,-37.871857676290844,42.59793636258986,-3.1008681748491593,-25.427864638905817
2000-11-12,-36.74019092574514,42.58942654966057,-3.776336588759338,-25.585251702133526
2000-11-13,-36.80494772603139,42.28869671567812,-2.5263694461111683,-25.975961929075137
2000-11-14,-36.64008999939861,43.15416034473027,-1.4504703014410498,-25.79722993437414
2000-11-15,-36.40140053362594,42.64902998718504,-1.3449613244971228,-28.1839562337212
2000-11-16,-37.68808181627829,40.38621824456649,-0.6910859181063688,-28.078685598296723
2000-11-17,-36.950634339118274,41.35613686426108,-0.7185374946107964,-27.92589459492237
2000-11-18,-36.63885399406486,40.175294723798004,-1.645025382066867,-28.823578893379246
2000-11-19,-37.127101942125506,38.03919606426732,-1.5229891674676175,-27.854298957865517
2000-11-20,-37.023462658517424,39.43094455526641,-2.9288237380080253,-26.785472215255158
2000-11-21,-37.765996470133636,38.62466631774561,-2.8496078362946893,-27.686476034351795
2000-11-22,-38.481221908920226,38.149892093434346,-3.59435559920376,-26.7846146951223
2000-11-23,-38.20716046614265,38.45126945167763,-3.462544262348921,-26.727833128579878
2000-11-24,-38.06185558554646,36.80332297564961,-5.362002232612227,-26.03379665899323
2000-11-25,-36.07845201966533,37.03292811140734,-5.156962643551892,-26.73470261590958
2000-11-26,-36.277879435273064,37.153870407061156,-6.080488256293716,-26.943176205827648
2000-11-27,-35.48744432303794,37.20560057877567,-5.521422011367812,-26.616107219968548
2000-11-28,-35.249358954535545,37.27336495941709,-6.319426090029983,-26.877618572192798
2000-11-29,-34.82580294864007,37.28856217820015,-7.099025650768083,-26.90294967241211
2000-11-30,-35.26485621869167,38.427045681286714,-7.6394384253635454,-26.621526661485195
2000-12-01,-37.56766952015871,39.52775944888284,-6.0226206872610994,-28.137120522016215
2000-12-02,-37.22139045626702,38.64777335131526,-4.712622793141074,-27.474787882326208
2000-12-03,-38.00671619979592,39.136724031750305,-3.8773162476032446,-28.239514635814135
2000-12-04,-36.93578050106745,39.182886439101054,-5.034535953853278,-29.382147247915565
2000-12-05,-37.21476657787288,38.18736310082136,-6.940237617735537,-29.0605464575202
2000-12-06,-38.69839838568598,38.935910821003446,-6.104516923669165,-29.73742649004208
2000-12-07,-39.011050472091846,37.72686544066966,-5.231807858875025,-29.95564340780287
2000-12-08,-39.33605492226484,37.48969641248387,-5.080086123392343,-29.6481424930069
2000-12-09,-39.23618362809368,37.464664335957195,-4.807883094765692,-29.119101987624035
2000-12-10,-38.020465708358714,36.28589031948076,-4.1128717632573695,-27.551242668810588
2000-12-11,-38.910477085873715,34.50056919006233,-3.557524157890704,-26.428073410102964
2000-12-12,-37.79263569588018,34.75755687191477,-2.3331384988080126,-25.86199986120496
2000-12-13,-37.37109749235322,34.46338737217635,-1.2054161777439554,-26.231692466467067
2000-12-14,-36.606475197465755,34.53160548144261,-0.4903722617747731,-26.041653568650396
2000-12-15,-37.47104130222696,35.37872078119036,-1.3163104602037272,-25.583796869616375
2000-12-16,-38.56942925295288,35.786011157960026,-1.7092694771439452,-27.023932492592916
2000-12-17,-38.27565521053561,35.95706605011374,-3.1916734209724833,-28.009362515653134
2000-12-18,-38.56423221863193,36.351667445445266,-3.5317448033976717,-28.684674873026857
2000-12-19,-37.76722478589573,35.57913887260101,-2.2546233299508978,-26.867431991944336
2000-12-20,-37.12361197138043,35.2159907141409,-1.7998548879878427,-27.125471894829744
2000-12-21,-36.84445897696293,34.75300915820114,-1.0553530441927272,-27.352125406499848
2000-12-22,-37.05010159414556,36.48678931891759,-0.34206014884485314,-26.235699920114428
2000-12-23,-35.864463418380744,36.01535064259569,0.10173322786800504,-27.203749253708978
2000-12-24,-35.12553836681477,36.29908044379381,0.9601831229639399,-28.069959158050715
2000-12-25,-35.30330955936695,36.07868312431828,1.3060954425475448,-28.590949453624525
2000-12-26,-36.70716756183548,36.19565013826659,1.0973463917452415,-28.185040997426942
2000-12-27,-37.192194390627705,36.417889746340855,0.501055167809531,-27.82828220886948
2000-12-28,-38.26014934647263,34.17223513046915,0.3473783637759832,-26.806842035694025
2000-12-29,-38.75503353488659,34.262812256348084,1.6527708657468607,-26.428959698595264
2000-12-30,-38.642534639710036,34.33863967063391,4.487142264518177,-25.643415287663725
2000-12-31,-37.87466501667139,33.9121864845521,4.8219954399268845,-24.909143996434963
2001-01-01,-37.943277289735555,33.922083111546684,4.64320078085772,-26.035964669780913
2001-01-02,-38.36268161913458,33.23873835325577,3.782911278291483,-25.89095118700807
2001-01-03,-38.17538550866401,31.80200073020412,2.3681366255419714,-26.356389897135188
2001-01-04,-38.4844502105338,32.29641451139795,3.269276530155334,-28.222896935144615
2001-01-05,-35.674952163285845,32.21343384413234,3.209827955681942,-28.9300381421907
2001-01-06,-37.14465995150112,32.99335943602231,5.28133504119948,-30.385392078768263
2001-01-07,-37.254767264975186,33.95864365742778,5.298655732046697,-29.68873458877302
2001-01-08,-37.27339520238931,34.29042514760402,4.885373411576821,-30.202669073565175
2001-01-09,-37.42897291508679,35.354306695725604,4.099390159775359,-28.94056863216639
2001-01-10,-37.1719546273212,34.128609793905326,4.746542866387838,-29.146908558684554
2001-01-11,-39.08917533097963,34.995331592927634,4.491561317491913,-28.387094904470555
2001-01-12,-38.89690069976638,34.84862104344962,4.488299039066008,-26.539226183347534
2001-01-13,-38.33302789747509,33.83523434171189,5.35265687289424,-26.597407035515538
2001-01-14,-36.598124964742745,34.133017617242245,4.815613112427799,-25.96685474972116
2001-01-15,-35.76189861510366,34.247651033579984,5.465514764023614,-28.136641614500384
2001-01-16,-35.5785827859323,33.92769360025154,5.877354205128068,-27.95705043045388
2001-01-17,-35.55472189853505,34.0630436090248,6.777173388352094,-27.798587001010265
2001-01-18,-35.38383968156129,34.679098222553236,6.253213682888354,-28.2916197771073
2001-01-19,-35.385835225908636,36.695596426266476,5.429705231464031,-27.224192104747488
2001-01-20,-38.23676522314345,36.21131233392409,5.594354114290268,-26.19087297652664
2001-01-21,-38.435376753588784,37.116174582357225,6.030710437303895,-24.982583577887475
2001-01-22,-37.85738223222282,37.510334616830136,6.939745221505343,-24.85807280371057
2001-01-23,-38.00612397970464,37.67060717176117,7.082576466325915,-23.564158128740804
2001-01-24,-38.684051841907575,39.85688091162235,7.484171353829496,-23.468123833685148
2001-01-25,-40.66965599040625,39.65255167678279,6.839082884168041,-22.728700350903125
2001-01-26,-40.656538701411236,39.64459818234449,5.9387847615582805,-22.590877828745928
2001-01-27,-40.67431073364683,41.213172931981475,6.416059077305637,-23.19659395000929
2001-01-28,-39.62673207321608,40.79845414015484,5.67811744004522,-23.439280176623896
2001-01-29,-41.612257072546285,40.407102198248815,4.616174220446522,-21.662721030607877
2001-01-30,-42.097873830266046,41.397827511559754,6.449416409242716,-20.740185076428684
2001-01-31,-41.13023025624207,41.0686090516481,7.00538331637936,-22.24772905849367
2001-02-01,-41.054156199567714,41.299933022324,5.136419124214587,-20.32195160607656
2001-02-02,-41.943920479983966,41.1000916483932,4.355980286558151,-20.632262291163027
2001-02-03,-42.05611405744827,40.53896258683045,3.581858469114878,-19.805715529112106
2001-02-04,-41.50596808122741,40.95633500698666,4.640544018515595,-20.392930276305844
2001-02-05,-42.030744674944394,40.73641376131567,5.368515172038166,-19.84402197590887
2001-02-06,-41.519660865251126,40.869596918735475,4.496317910595838,-19.615249476510495
2001-02-07,-42.0519203425304,41.322275760661356,4.535579463596573,-19.774902862952448
2001-02-08,-42.208245410776016,40.81206230273148,5.629398874908812,-19.675733672692346
2001-02-09,-40.093610847844374,40.672027988977916,4.360788756572148,-19.474844212257405
2001-02-10,-40.64951235651701,41.81792074830444,3.937417203820186,-18.407164832538296
2001-02-11,-40.67182190605145,42.078955845139376,4.001722040659007,-19.411526694870677
2001-02-12,-39.97775477132977,41.416147771635174,3.068518354709815,-17.185976134846207
2001-02-13,-41.3028374258891,41.52716400177783,4.537892858729304,-17.298938313647803
2001-02-14,-39.57620376181572,41.68600212626141,5.11924074897754,-15.77569293203015
2001-02-15,-39.82725685664266,41.00671612906609,4.425373872634964,-15.206252922376578
2001-02-16,-40.093016521898946,40.461668490307716,2.4080065202838323,-15.199429622186354
2001-02-17,-41.548475783153826,39.876216948946876,1.7390580152102837,-14.272529187288754
2001-02-18,-40.9147859562623,40.13549261428265,3.4099621368470654,-12.57087296125263
2001-02-19,-39.84892990938593,42.0221406356157,3.991592581887774,-13.057211392068776
2001-02-20,-39.04867577959343,41.62356633787643,4.131070198340582,-13.888381903785422
2001-02-21,-40.74134760072811,42.91208188772369,4.174765243815872,-13.108420127594131
2001-02-22,-40.94816740476209,41.97753415559522,2.693668828586395,-12.489800097008409
2001-02-23,-40.87928398668336,42.028106202556934,3.6196145731538034,-11.334711027417203
2001-02-24,-40.35777849955171,42.27021375478389,4.190362982399112,-10.229597619433022
2001-02-25,-40.597335455794756,42.14639905906145,3.39173962646818,-9.683254181573155
2001-02-26,-41.084703813764825,42.42727906530848,3.5785641558179693,-9.185188626059347
2001-02-27,-39.77674736327331,42.65936470022163,4.826667892983527,-8.62457303568396
2001-02-28,-40.830022142247664,42.84365608391096,2.2242757427229205,-7.6183493059974445
2001-03-01,-42.4262702346392,40.85202072019314,0.4889656455096283,-6.830990069905118
2001-03-02,-42.08010129150777,42.039486877858835,2.4046771259088255,-6.4492942570883445
2001-03-03,-43.82567523639388,42.75349645624124,2.624779429384487,-7.606457334693393
2001-03-04,-44.091334832455836,42.94559358992743,2.4017408826711963,-7.342827323586681
2001-03-05,-43.12470842155787,45.05949094279372,1.7250634327873104,-9.28435708827629
2001-03-06,-43.120863877010706,43.90715233021404,2.967142437149459,-9.080972053148296
2001-03-07,-43.681414335160504,41.78051879882101,3.705812880469403,-8.920223871691777
2001-03-08,-44.75192647216328,42.09317052578247,2.640251231368357,-8.186089214544886
2001-03-09,-45.18667626972435,44.04667357152656,4.720370819188089,-9.132916731183958
2001-03-10,-46.09907130619922,46.228814304819345,4.185739073713911,-8.139448963377134
2001-03-11,-46.84610354169439,46.522727384998404,5.652610564653969,-7.431375571807626
2001-03-12,-47.33012941815652,46.35032811002351,6.140043546739362,-8.86597191200076
2001-03-13,-48.230037351034994,46.023469082435184,7.288815004374122,-9.528298115780437
2001-03-14,-48.62627772113237,46.52414713611892,7.532898926269222,-9.217179037832478
2001-03-15,-47.12109363748206,47.995101460942585,7.656198529138242,-9.345831697291336
2001-03-16,-47.39899281927158,48.36941166677969,7.6189013431067565,-10.623692015811923
2001-03-17,-44.650507863426476,49.17944639483126,6.2126095760667495,-11.381712720123446
2001-03-18,-43.683010764737624,49.64599510159384,5.1890483331638135,-12.27546375095792
2001-03-19,-44.679218414885426,48.336586475482655,4.083446253959968,-12.073440681584051
2001-03-20,-45.196549385496,46.91001198108433,5.446834726418951,-12.853170935967151
2001-03-21,-43.029545033533985,45.783395238499224,4.402850994851869,-13.581042547561221
2001-03-22,-41.5987640992575,46.03980145776766,5.952126835598061,-13.715851887257402
2001-03-23,-41.85847613401406,46.013386960191625,6.227953165440321,-15.25379774592076
2001-03-24,-42.684376970998734,46.62552291070244,7.3606100893793585,-15.52514689691864
2001-03-25,-42.38168257277491,45.74705825864022,8.097515497630058,-15.607727007637505
2001-03-26,-43.21855848994521,45.71906965906099,7.8443458937303845,-13.968986997888702
2001-03-27,-43.087917784549305,45.00810101716735,8.159403115043528,-13.468490385916088
2001-03-28,-45.39954280853279,44.85437717768367,10.416169470510269,-14.681569403769128
2001-03-29,-45.92172276824824,44.66445382094624,10.817882112764055,-13.986881096561387
2001-03-30,-47.81131947908097,45.527304684887575,11.432655737466982,-13.556949415429024
2001-03-31,-47.948403212097425,46.03395327455181,12.444800302995224,-15.462059873033914
2001-04-01,-48.731114753348486,45.95849419851516,12.648198150090971,-16.289666820816223
2001-04-02,-47.890424737246335,46.16921449766389,12.435794342499747,-16.940684918104843
2001-04-03,-47.95726653829046,47.087366530582486,11.616937299890592,-17.09595438907335
2001-04-04,-47.26763195778134,48.73077634730122,11.716675410983234,-15.5206459262339
2001-04-05,-47.255000222754205,52.49697273740467,10.0321840488374,-15.325642824672286
2001-04-06,-46.90957270303357,52.77636298745512,10.403781894563366,-17.34441682576225
2001-04-07,-45.912256241758755,51.94501084055441,11.503829067204247,-17.338306578783527
2001-04-08,-45.572078303237355,52.94501193127545,11.865013625997308,-16.15553049991755
2001-04-09,-44.361382375948075,53.56375235908419,10.704091827131617,-16.270190984869515
2001-04-10,-43.912393581049244,53.1058518999273,10.84049969524357,-14.77497830920076
2001-04-11,-43.568289975035384,52.59874626729721,10.421282777448484,-15.175556711134723
2001-04-12,-41.044958650764755,50.33840666875273,9.094626541751731,-15.95656835482971
2001-04-13,-39.451108326569035,51.4102627470557,8.297566042632026,-14.710122128844313
2001-04-14,-38.59887254235537,49.67923235503485,9.497773154848842,-15.499539822458036
2001-04-15,-37.526880020438476,49.31325638327228,9.548159555060497,-16.43558234063208
2001-04-16,-37.70095861408853,48.522012273739904,9.149732842725761,-13.889753118643075
2001-04-17,-38.70127469343749,48.620111519311756,10.653045130039903,-15.532113542284742
2001-04-18,-38.5650923939201,49.88348932542828,10.9936866653336,-14.68840160192044
2001-04-19,-40.1797334032954,50.20811340971964,11.818290535190293,-13.154847334295278
2001-04-20,-42.41437636021164,49.351050041749005,11.172747801274204,-14.330498392748494
2001-04-21,-42.86643587422361,48.969375270102525,10.720451045119923,-13.351213464290554
2001-04-22,-42.48326788366355,50.159310466979136,10.73121771852088,-13.27746331190844
2001-04-23,-41.31065404324871,49.892283183035694,12.264220193775769,-13.066177375970327
2001-04-24,-42.34074168162519,49.44122247341139,13.671965222532052,-12.583578026109587
2001-04-25,-43.03897310205516,50.48655252891986,15.139830739744614,-12.611577104846898
2001-04-26,-44.47375582634018,51.704015051929666,16.19821422925678,-12.89236490703206
2001-04-27,-43.484122597103756,52.813238764232594,17.893151640766384,-13.563514376223848
2001-04-28,-45.137552192831265,52.3938014008002,14.55813720894668,-13.173508122490938
2001-04-29,-45.06411956623874,53.31654905341901,14.013807497545663,-13.662216602258024
2001-04-30,-45.41162796284772,52.83782438409175,13.352195068580565,-14.47783054780606
2001-05-01,-45.82527897573285,52.378892408398116,13.962505307544479,-12.898729515403543
2001-05-02,-45.3613612598414,53.36948929472227,12.189107750397678,-13.955055010343004
2001-05-03,-42.9550813318723,53.203870438927275,12.14097218248235,-14.986068842303073
2001-05-04,-44.216315850181154,53.50260636968269,11.241972684920809,-15.090156650254437
2001-05-05,-45.104673943625876,52.364811337009414,12.544454950845717,-15.72920392193645
2001-05-06,-43.711951096423874,51.41891811048441,12.446650796396025,-16.30297642426451
2001-05-07,-43.28814530211018,51.38411672106843,13.487845681956655,-15.846698059740088
2001-05-08,-41.835198715637574,50.37935159072444,12.311039805514575,-15.839770281548336
2001-05-09,-41.95777711338394,50.096307955119755,13.572209103220848,-16.71617692678624
2001-05-10,-40.89720459863204,50.304349634362204,13.271002341583616,-15.743654692756438
2001-05-11,-40.43029118593941,50.16573849706274,15.003841653074685,-16.756682610574412
2001-05-12,-42.35144856832521,51.04492334129298,15.75616438803118,-17.18584434830317
2001-05-13,-42.298023375403304,50.56830834051321,15.66609716992923,-18.26337556560731
2001-05-14,-42.01819179880557,51.231967328467896,16.01878549567573,-19.19144090576084
2001-05-15,-42.094773179423484,49.96197125400967,18.318359409817795,-19.11336778955898
2001-05-16,-41.613248484739714,49.206751756053755,19.04362718795363,-18.192730115496175
2001-05-17,-42.302408439226234,48.800720590076025,18.75423673071823,-19.471917955834265
2001-05-18,-41.264163114062164,49.2961977841117,18.17955902121371,-19.41002273457359
2001-05-19,-41.381656288073906,48.3616796317255,19.269903710084726,-18.042505906250724
2001-05-20,-40.93914039301721,48.253858795312595,19.70817199669676,-17.45801962293239
2001-05-21,-42.40890056308199,47.48055870798015,21.109079669162078,-17.22265981573878
2001-05-22,-41.788907270453635,48.26635531250735,20.961508786525528,-17.724079259527183
2001-05-23,-42.005127124794306,47.430411622927956,20.2547472440385,-15.93359677260732
2001-05-24,-42.727424028204986,46.23905083659948,18.662716226260336,-14.851772623513394
2001-05-25,-43.98530793666344,45.80586943750814,17.23386083745813,-15.605648364740937
2001-05-26,-44.08302072195375,46.01327259156051,19.78082822596218,-15.048288961022394
2001-05-27,-43.92893734377171,45.73400997952161,18.812524490692788,-15.165409101458705
2001-05-28,-43.34821186874285,46.13742931699339,18.38880460002252,-15.437854858905336
2001-05-29,-43.60063503593624,44.172404065764134,18.754533605960813,-15.740501596911537
2001-05-30,-43.613429334463895,45.66663295495201,20.258150792335904,-14.842052530995659
2001-05-31,-40.798882331199735,46.164100638387715,21.320668437636453,-15.738132966873955
2001-06-01,-41.78398997047529,45.636524078663335,20.07809470377368,-16.74239275193732
2001-06-02,-42.49740757346401,45.64521510830238,19.63102020984013,-17.37391972720796
2001-06-03,-40.82346384264859,45.358107867239816,19.688576449603712,-18.21715655441733
2001-06-04,-39.20181730849832,44.1886238509905,20.654574825978465,-17.699333485570733
2001-06-05,-39.00482397604596,43.54091997604203,21.09230020722727,-17.20487454750263
2001-06-06,-39.32060868402657,44.43169629564056,21.46217050166133,-17.215241900501667
2001-06-07,-38.26492580996,42.61917349669066,22.219345302836775,-16.561168573337675
2001-06-08,-37.88700608412652,43.06546487770645,22.684732272674882,-14.482612833143163
2001-06-09,-38.96250235667161,44.37772226079343,21.991183412536408,-14.247197795141883
2001-06-10,-37.42133272720745,44.47248992914271,20.415707534223156,-13.910897371376791
2001-06-11,-39.129863581009545,43.96654055577983,20.829187147855503,-13.271847287120517
2001-06-12,-39.997569702649194,43.05839344896985,22.059148417627686,-13.757799096072413
2001-06-13,-40.411690812961844,45.49506647181174,22.563374144942827,-13.735560062773231
2001-06-14,-39.40876412009346,43.80555327003572,21.784736899162144,-12.740506591781589
2001-06-15,-38.03301491904872,44.86118009235087,22.654547560719628,-14.114374168396118
2001-06-16,-38.83994217725229,44.95393208063533,23.710188362669506,-13.561825501861213
2001-06-17,-39.18133396698826,46.40691764821107,23.889971529613533,-14.016283969647473
2001-06-18,-40.342727170933365,45.75242147156452,23.487612654218402,-11.927149388709744
2001-06-19,-39.670146497726776,46.40716213203286,25.650609336235778,-13.404616627892954
2001-06-20,-40.248910962712635,46.993116968688916,27.043769689408354,-12.70181796401318
2001-06-21,-39.499242360538226,44.89615477277772,28.016346943610444,-11.893704014644875
2001-06-22,-38.37353174743434,44.52498158408856,28.17136734236081,-13.127638187372161
2001-06-23,-38.28299526171262,44.077450835498006,28.034279206534876,-12.692244235882827
2001-06-24,-38.40428201767244,45.72304320577183,28.578339923066856,-13.196474503987517
2001-06-25,-37.82668459892495,45.7720003183487,27.71820326800271,-12.489336660167014
2001-06-26,-39.62272060039736,46.85985037369156,28.55149206393898,-11.566653645670907
2001-06-27,-39.87322155633551,47.431338630620054,29.9254897819043,-12.095161301252341
2001-06-28,-40.20152259044167,46.57426954366588,28.206930354627875,-11.294406422028898
2001-06-29,-39.63620170513074,47.04868106817297,28.606807427470383,-12.345771301798733
2001-06-30,-40.1578536530058,47.51031056050069,29.241146632995164,-11.11030338562089
2001-07-01,-38.21707074451526,47.41675446304171,29.10898629253668,-10.921726802016869
2001-07-02,-36.76614127103671,46.14553328629804,29.59707868151741,-12.192802113296452
2001-07-03,-36.85411701270944,45.62032061708219,29.3838331184685,-11.097751875966349
2001-07-04,-37.520230997004134,44.58074636472896,27.86098150634028,-11.372529026403907
2001-07-05,-36.75920129206783,46.6348516017899,27.416477829937442,-11.852556264605957
2001-07-06,-34.851857117547446,45.79340048627843,26.732271405890618,-11.520132411599729
2001-07-07,-32.48916050128962,45.265122254915305,27.113859374242566,-10.713402334869963
2001-07-08,-32.05558784321151,44.28506952262549,26.12045369065417,-9.221202074197581
2001-07-09,-33.61784708577324,45.72672935752974,25.476225778124938,-6.251817181158453
2001-07-10,-31.996070552953938,46.32219308209063,26.35279485301607,-5.952773988927816
2001-07-11,-30.35564444382293,45.99030324496005,26.953894159187563,-5.6512344087009945
2001-07-12,-30.482419986765226,44.839191146725085,28.76652707293488,-6.050135844579315
2001-07-13,-29.83257230244795,44.96196547576791,28.993210689581073,-6.7779534571541715
2001-07-14,-28.64204696647544,42.54655654088458,30.88614243526863,-6.502295697762201
2001-07-15,-28.623147984279296,42.62912051447531,31.189447490767705,-8.296895883768926
2001-07-16,-26.915648046416266,42.69894972098999,31.28477672325396,-9.320682816003632
2001-07-17,-27.034943442447734,42.07509109488111,32.359550721447825,-10.732632231618872
2001-07-18,-24.963544421536263,41.16508836712354,31.961704844990088,-11.115381663307733
2001-07-19,-24.859345037215505,41.77942383704231,32.17963108415023,-11.335103709608562
2001-07-20,-26.19297472235894,41.41886005974592,32.143706012590854,-11.833127976663901
2001-07-21,-26.39726191165511,40.361148963787464,32.49164500314562,-13.863895999029165
2001-07-22,-24.85794635613013,39.275448833152915,31.922403825796195,-14.392721775308505
2001-07-23,-24.85477434688513,37.89130947036155,31.589662555088037,-14.833151956114778
2001-07-24,-26.04501621859957,38.16430334905884,31.85583027359224,-17.058592150577745
2001-07-25,-26.041865648371086,37.11495616596962,30.913574460386954,-17.15521174478788
2001-07-26,-25.330244998996086,35.56510892623956,30.80959070378151,-18.49987874980695
2001-07-27,-26.81477631136268,35.47394280633545,30.700882072243033,-18.772351842916432
2001-07-28,-26.6544573154421,34.61065972924937,30.70059742541428,-19.891717582795927
2001-07-29,-25.710273371190134,33.982830614942635,30.043468016380835,-20.418811598104107
2001-07-30,-26.264175448020474,32.0603688796711,30.060575058621037,-21.2479463782258
2001-07-31,-26.616667752628896,31.547774518799493,31.967864106833318,-22.00114093493863
2001-08-01,-27.138660110580958,32.43082920322299,31.626919291223622,-22.34219915319884
2001-08-02,-29.09632083303643,31.862846216589997,32.9710994333018,-23.68258712795313
2001-08-03,-28.26161203340637,33.47273781088657,32.08490974180426,-24.21632370119678
2001-08-04,-28.780456776392768,33.767731443568316,33.025019004980685,-23.830763754891073
2001-08-05,-28.85062306272274,32.648081621180644,32.40751001772258,-22.437400729080036
2001-08-06,-30.055749346339184,31.958026833478,30.815897655034544,-22.460363544269967
2001-08-07,-30.927554675972008,31.577555277789536,31.029066326919875,-21.63686407968414
2001-08-08,-29.87789569090881,32.1593614840841,32.20638658321033,-23.085370883242582
2001-08-09,-30.540571438650726,32.8652495788953,32.64352071008255,-23.09608569514177
2001-08-10,-31.12690675743404,31.688399717443353,31.70325441399483,-22.498637092739692
2001-08-11,-30.49862696609199,32.24201704965215,32.32320524004761,-22.900131967331802
2001-08-12,-30.689946804713244,31.84471662811512,31.318087166317994,-22.490229390788937
2001-08-13,-29.156678822572907,32.36176486889604,32.561277122886516,-20.383926679578042
2001-08-14,-30.720129575661996,32.92743853735775,31.70276402600049,-20.7370980931974
2001-08-15,-28.578760854846564,32.08576756277927,32.29802988226162,-21.065125223489257
2001-08-16,-28.76937831332731,32.96659573656401,32.43028785354284,-21.41777862195173
2001-08-17,-28.93560429514442,34.61541942951277,31.762337714590366,-21.996416916708966
2001-08-18,-29.111682181467923,33.558882067737265,30.374951611446406,-21.305402391465844
2001-08-19,-28.209842000459727,34.178620706657505,29.359479748113166,-20.813951216071864
2001-08-20,-29.517378198451198,35.8801948961618,30.890536919167534,-22.100558839241067
2001-08-21,-29.00643540559984,35.481858374604826,31.23581266168491,-20.739107031217394
2001-08-22,-29.697432533034572,33.987411137249566,32.10702459437075,-20.47211802879065
2001-08-23,-30.058410370792387,34.00577227405006,33.274790162300974,-21.071438975241005
2001-08-24,-31.615793775887727,32.777494504147455,33.5565882504165,-23.223501873025228
2001-08-25,-29.58079929902177,31.37613086078265,33.70605042874208,-22.589947161039756
2001-08-26,-30.327903436559673,30.66802095607978,35.42255848589367,-22.486402636376326
2001-08-27,-30.36823396895077,30.59453792422196,36.69288766875188,-21.40519739579235
2001-08-28,-31.174803169201187,30.035124679047836,38.93665139454513,-21.14526211912048
2001-08-29,-30.919540689768144,29.83032856539913,38.6496534879635,-19.41107832620469
2001-08-30,-31.115920826324018,28.555358977614627,35.85125864391133,-20.267707471828743
2001-08-31,-30.028536750541146,27.589159073048744,37.12900825593164,-21.633985951151484
2001-09-01,-30.208972648463146,25.440303110725182,36.90334547517407,-20.036613844974617
2001-09-02,-30.44671375109932,25.5004714395575,36.40277279314766,-21.203040222803338
2001-09-03,-32.32071790827929,24.879285362619658,36.930891782006285,-20.157869411324906
2001-09-04,-32.57721053165765,23.431443390969566,35.06476583013408,-21.68484035812095
2001-09-05,-31.484033632277853,23.524762666818546,35.07428365915794,-20.996877858699015
2001-09-06,-31.508800769553996,23.64808898090999,32.85969382251594,-20.34650449385999
2001-09-07,-31.8856428413506,24.60164410248324,30.19133946409528,-20.838613337641444
2001-09-08,-33.36837986270354,25.932407233392738,30.759143950677423,-21.723601852657744
2001-09-09,-34.56933846965872,25.904021969281267,30.899882374353442,-20.6997618265559
2001-09-10,-34.95267534242764,27.02427555223942,30.775541232732323,-19.535777356173515
2001-09-11,-34.895276329415914,26.707378867956137,29.5877918574577,-18.782385675630373
2001-09-12,-33.046635052645215,27.32704383037849,28.377902433862864,-18.79996214071733
2001-09-13,-32.465064889717844,27.436439519910035,28.351075545942127,-17.877702976781272
2001-09-14,-33.46548371898205,27.99806545110302,27.704362387219437,-18.376680717707988
2001-09-15,-33.06302956030234,29.73403921373049,27.758546728489776,-17.57342674065228
2001-09-16,-33.37550316442473,29.510139759446965,30.34438623515918,-16.50451046829996
2001-09-17,-32.02292574434739,29.124823240780415,31.25411442623336,-14.927776254871755
2001-09-18,-32.227011789134664,29.214864911063643,30.45025355741863,-16.60956396989139
2001-09-19,-32.795816106965454,28.6727615757401,29.52424420758728,-17.20063110403208
2001-09-20,-31.06709822256976,30.62922188387638,29.905938258253983,-17.23146409755493
2001-09-21,-30.50896124465354,29.04837774254997,29.384215645054116,-17.22904589476588
2001-09-22,-31.1230875207508,28.558009575915094,28.26471908000017,-16.462655415206555
2001-09-23,-31.898955593449195,29.034766603817417,29.155098522229306,-15.491050030610245
2001-09-24,-32.21047216990041,29.715939265213773,28.001292941453222,-15.3978247341447
2001-09-25,-31.204217596281357,29.22507476895309,28.294873209581173,-15.461070011642155
2001-09-26,-32.12410373466785,30.945772235925936,29.89049816389287,-16.03792798813169
2001-09-27,-30.776852221290962,31.839102801612015,30.760052993336377,-16.989793906681527
2001-09-28,-30.91184587870036,32.30096252736268,32.05137024978854,-16.19338178459144
2001-09-29,-29.433647870799653,34.22917178007939,32.85386130917424,-16.682265312264935
2001-09-30,-29.824375591767986,34.50645864583557,33.0438904502566,-16.38988190337309
2001-10-01,-28.525624515242846,35.55112704602776,32.9594285444405,-16.05116628195054
2001-10-02,-28.42809502234931,36.295340094697806,32.44976511836276,-15.75458975916982
2001-10-03,-27.363020848171328,37.7268329928575,33.84995295053859,-15.268966886219
2001-10-04,-28.473099958098263,37.696645424586855,33.934705859564694,-15.744736954184958
2001-10-05,-28.138079250736027,39.19035251675147,34.175250724502575,-15.406251151569178
2001-10-06,-28.65938894924688,39.01887530631722,33.894190401138005,-15.614391004536268
2001-10-07,-28.848597070721148,38.88464074704489,31.60512867829708,-15.336765474213966
2001-10-08,-28.556375556193732,38.41259765430801,31.966594710234627,-15.852103427101703
2001-10-09,-27.759653190017303,39.24831965653552,31.56532371249605,-16.651320055994653
2001-10-10,-26.753728904046923,40.08494735299217,29.290899118095254,-15.499444250558902
2001-10-11,-27.448954461290477,40.214968541136884,28.487367913551036,-15.88272452699805
2001-10-12,-26.968798029114385,37.89741845397343,28.059036878184276,-14.983878433735146
2001-10-13,-27.42205844311014,38.61165305005342,27.025000314952884,-16.304330795612653
2001-10-14,-27.815375737003848,39.422424958852865,26.29815229862594,-16.766443180781252
2001-10-15,-27.70140357257102,38.60544715043409,25.33964533730762,-17.041178509271504
2001-10-16,-26.870018152824628,38.94628872833045,27.548593850354976,-17.895555462206218
2001-10-17,-27.78174957943796,38.46158879492022,27.926163931671454,-19.48202031329616
2001-10-18,-29.06352562716605,38.13687409841765,29.91879049453503,-19.729515063483262
2001-10-19,-27.687264809547283,37.301235849078466,30.21772410354297,-20.96858236244115
2001-10-20,-27.179636964890875,35.74593569520235,28.911099850516766,-20.400135316113097
2001-10-21,-25.717872832742238,35.67857695131882,29.252360534214862,-19.41748423901376
2001-10-22,-24.76467127696544,34.627717090004566,28.91016127860357,-19.722386430741803
2001-10-23,-25.02908284415723,34.499813721556635,28.21502344935104,-19.54561486330791
2001-10-24,-24.221579037813605,33.767466441073296,26.833986539690272,-19.000647154301937
2001-10-25,-22.4631597002482,34.02770435407179,26.890343627806075,-20.04408635442465
2001-10-26,-21.8975937451302,34.173234258411156,26.414886384681846,-19.768919815957265
2001-10-27,-23.4770695071399,34.753822411311965,25.094146933173615,-17.768948312681548
2001-10-28,-23.67174972744434,34.66988324488566,25.120338085308376,-16.737084946870418
2001-10-29,-24.4363009228142,35.467705110656304,24.196812657341127,-17.470923150417583
2001-10-30,-24.266363371435098,35.54465370566452,22.98288145617975,-18.67180727949538
2001-10-31,-25.40533023638344,36.55670611621645,23.41538021223246,-17.929317988380557
2001-11-01,-23.338440913132033,38.05576640154505,23.708894751473245,-18.43444236942748
2001-11-02,-24.08133972059913,36.84294981448119,27.650932685902085,-18.417219493459584
2001-11-03,-23.40824762256055,36.86688237390002,28.115539868275967,-18.78518840960463
2001-11-04,-22.88950344870235,36.58663164252301,28.902464682256593,-20.582215743835484
2001-11-05,-22.65686377058269,36.65546056375144,29.539430829144166,-20.92230125176912
2001-11-06,-24.136753196258304,37.007890438474924,29.85709108502956,-20.69088161103426
2001-11-07,-25.399859747795148,38.50817931580751,33.064503535998185,-21.050383342403165
2001-11-08,-24.598029859054716,36.02827063042716,33.71357893891187,-21.868887234306097
2001-11-09,-24.701669415460465,35.301531146272005,33.2778323357812,-20.688751187303577
2001-11-10,-23.623108195807042,35.15295943976252,35.06902833306006,-22.086849455775088
2001-11-11,-23.331418878192398,35.39927762923469,34.676048469197916,-22.048366442195977
2001-11-12,-24.24836146886402,36.74155670012299,35.54912279934404,-21.354988814579627
2001-11-13,-25.096341265421053,36.09944152134454,34.79161746314886,-20.6284791431381
2001-11-14,-24.848297464825542,35.90616104892831,36.37188940255925,-22.124686351204897
2001-11-15,-26.101185558376727,35.95415668867627,35.268909526846144,-22.92678002771836
2001-11-16,-26.105249677731596,34.93413517383314,34.69538972444007,-23.804747760468477
2001-11-17,-24.81734324706683,35.093209173440336,35.54660945720356,-21.62584758298222
2001-11-18,-23.938193515028455,33.86889666877233,36.354017495206996,-21.485670754549147
2001-11-19,-24.12602665128402,32.03391412941344,35.95902326481698,-20.37575957914635
2001-11-20,-23.396692571390627,30.897088134710312,36.30307315970558,-21.114754951518563
2001-11-21,-21.738969655437973,30.907250982786838,38.06394950423072,-21.058252872878466
2001-11-22,-21.16868157196251,31.511273676610962,39.87760802585913,-22.38123872351501
2001-11-23,-20.904907434971978,29.918328706928175,40.16020422786738,-22.994122822948743
2001-11-24,-21.071903494561543,28.19678113395586,40.41027813841332,-23.0679650268655
2001-11-25,-21.292034874084536,28.89100887790798,41.91160017921201,-23.569384089350162
2001-11-26,-20.859539435759373,26.793976919683132,43.03447257855464,-23.56073195147394
2001-11-27,-21.091883326606343,25.719940251251547,44.64635921476396,-22.04498938896467
2001-11-28,-22.63540217175058,24.856693729790873,45.006943505732494,-22.779207807245818
2001-11-29,-24.129461398500993,25.649335837537272,43.985575935486544,-23.43376278539506
2001-11-30,-22.09984696194416,26.43388012534792,43.746890740613125,-23.073078447270078
2001-12-01,-22.50495172428659,25.463821804024057,43.00221595647525,-24.29481658507116
2001-12-02,-22.50557690033803,24.405815579697265,43.61892207608214,-24.477120599203463
2001-12-03,-21.357627149237693,24.544583591478677,42.35911346968861,-24.125594281924016
2001-12-04,-21.601744094118278,26.315626668326985,42.28263799087718,-22.636033404226932
2001-12-05,-22.345634018503304,25.991758069101195,44.005219687328776,-22.964232531842075
2001-12-06,-23.342237862808005,25.638979684573474,42.543440041694936,-22.79321336395543
2001-12-07,-22.3906791548003,25.11714768187268,41.8832348816074,-23.99333739263577
2001-12-08,-21.82249497491324,25.02013733011322,42.36964559558346,-23.74487557062193
2001-12-09,-21.59763143271355,25.170420391102688,39.92154966916394,-24.242252651829247
2001-12-10,-20.243397146903554,23.751519906948275,40.034121471834936,-24.45461898528687
2001-12-11,-21.504066523629803,22.62942733660286,40.31523172849579,-25.96735164007877
2001-12-12,-22.145467680833054,23.817446317821286,40.51796740185759,-25.875805731325944
2001-12-13,-21.04584693384985,23.267382562099616,40.79530003569361,-25.09275592988734
2001-12-14,-20.429022989346173,21.83371257073322,40.62032685896349,-24.611037439044882
2001-12-15,-20.999602540034356,22.07492068453813,39.84244658494203,-26.27105645611204
2001-12-16,-22.310165802679965,23.22599134915503,40.1855480485225,-27.171125387564338
2001-12-17,-21.379220514819686,24.014012743990136,40.76734485739273,-28.60550181947746
2001-12-18,-21.53964194295548,24.109836710682924,41.62625969877406,-27.754413354932918
2001-12-19,-21.571210293071882,23.695589211071653,41.54971979535905,-27.384734296805245
2001-12-20,-21.41577464552823,24.014168259595564,41.70905641998791,-25.63181571390312
2001-12-21,-21.546925367870042,25.207153500579473,42.996178600125134,-23.64921337695432
2001-12-22,-21.348729401098325,25.940364424644983,43.56806640944025,-23.249868283947997
2001-12-23,-20.04673430121202,25.020753582706604,44.04707247208344,-23.7775007567297
2001-12-24,-19.55405695432244,24.458049362330005,44.304924813862364,-24.735849977011487
2001-12-25,-19.43325985284827,25.535031747752747,43.83249799919938,-24.05817075709609
2001-12-26,-20.43486652261479,26.484732988955262,44.59361311943017,-24.420048649512346
2001-12-27,-20.527480627446177,25.604488779772286,45.49358227865163,-25.067334515931588
2001-12-28,-20.1301601329887,25.98534725744356,44.89243255150367,-23.279074066130853
2001-12-29,-22.552403803320107,25.859562648008968,45.24780610591501,-22.651636959266156
2001-12-30,-22.39088878100831,25.680322899362103,44.36030078118326,-23.174188313361668
2001-12-31,-22.55251129302075,26.840975394280736,42.895965240875064,-24.717697050511976
2002-01-01,-23.060404181224484,25.53756284730761,44.006078979133086,-25.063039976360322
2002-01-02,-22.38712071808885,26.286562013970716,44.07769616818208,-27.6153677928397
2002-01-03,-21.139141016891205,26.03452015606316,43.28426732594203,-28.308605870691785
2002-01-04,-21.57693726261341,25.73058703262557,43.67034142651925,-28.87532595705447
2002-01-05,-20.982942849128953,25.53391512675632,45.58128093255024,-28.19400312267256
2002-01-06,-19.515316735777475,26.0918086708851,44.97855298054962,-29.112082756671153
2002-01-07,-19.236711600502947,25.327897729899377,46.21829859241672,-29.480084730327057
2002-01-08,-20.196447570148905,25.939740543759207,47.17680883150224,-27.30352805060111
2002-01-09,-20.892885944154575,26.06038301088664,47.743060138750884,-26.73846563900463
2002-01-10,-19.59165563732466,27.59092611153103,46.55768075467856,-26.243425622005837
2002-01-11,-19.602079614237976,26.97787786077507,47.07800269487526,-26.447557869085315
2002-01-12,-20.887239378675908,26.98713861436396,46.55244630803654,-25.381817795969717
2002-01-13,-20.228468985205396,26.103461381148914,47.37899590744451,-25.327548712399242
2002-01-14,-21.263183537208366,25.722452656835294,47.76183064219138,-25.18850696342395
2002-01-15,-20.91797740466815,25.88646553456108,47.30504716531475,-23.93324137514942
2002-01-16,-21.284326672967815,25.056788763187114,47.43119816357025,-24.833672131562864
2002-01-17,-21.40495476403605,25.10555551389982,45.935391144019235,-25.379217388251043
2002-01-18,-20.89801592782897,24.750539752799206,45.34827057871509,-26.392213245877933
2002-01-19,-19.797360077814723,24.454599181910247,45.14295996367711,-25.438772424209745
2002-01-20,-20.21133214629713,25.905632349802598,45.74743462160268,-25.819397712490932
2002-01-21,-21.803680205797452,24.935681836620113,44.9753698453484,-26.174261870370408
2002-01-22,-23.008229198641917,25.303371526701387,44.57946590227285,-26.560137264756452
2002-01-23,-22.76668132367276,27.237346705009916,44.651690164645245,-27.016555176956263
2002-01-24,-21.61813268562485,27.840488812519762,45.08719935747044,-28.252820496356737
2002-01-25,-23.647308227962814,29.00512171196898,44.98088229900954,-27.75171670550908
2002-01-26,-24.358642866367994,27.853151511354817,44.97900060979267,-27.454422583783263
2002-01-27,-25.722275077808785,30.01587122506527,44.64624196440664,-28.32528233026553
2002-01-28,-26.689649806190133,29.61163704799542,44.996943039108096,-26.441853789298666
2002-01-29,-27.31014871359192,29.99036785494186,46.248457214644816,-27.304830911589644
2002-01-30,-26.76217323203739,29.21166529333293,47.02566666091327,-27.60254514969507
2002-01-31,-26.01063378916974,27.370590234790544,47.297888134324424,-28.711116833500117
2002-02-01,-25.620725163663778,26.893070575977124,47.54374366499692,-27.10721377054538
2002-02-02,-26.43095401272354,26.77938787984566,47.769273451247884,-28.169677292353274
2002-02-03,-28.599448834112412,27.09210975039292,47.410303717616124,-29.339731787665517
2002-02-04,-27.308601495879948,28.022220585496576,47.93327013681555,-29.119047498321194
2002-02-05,-25.175189046132388,30.09238396579137,49.48744362126599,-29.924660691566068
2002-02-06,-24.67436581638169,29.93707646123444,50.0154792665962,-30.06504311105589
2002-02-07,-26.123258557017184,29.142759334560296,49.856372741055395,-30.503478326145952
2002-02-08,-26.731645960272353,30.0584881469642,50.4058358934158,-32.260259032545406
2002-02-09,-25.67996791757899,30.750665521019027,51.35988900005332,-32.33282311535533
2002-02-10,-25.47236415899155,30.202200237235893,51.88656147777507,-31.069386825593114
2002-02-11,-25.892346238451307,29.997381865336557,52.246306787309635,-32.576058755359995
2002-02-12,-25.56818281794293,29.924503987489953,51.300249320997885,-31.51922494316459
2002-02-13,-25.78004637654165,29.854063646166946,51.810443645709846,-32.45003857252189
2002-02-14,-26.54085738144082,30.432873367130792,50.43153404730998,-32.29035943555244
2002-02-15,-25.394362271332774,30.316762929072016,52.17805386995245,-32.00186102990281
2002-02-16,-26.815356751993562,30.0907111747601,50.36137460107942,-31.485094728605347
2002-02-17,-27.520573062848605,30.62551195782096,53.07589195535347,-31.221781903415636
2002-02-18,-24.764897008631824,30.573621155498135,53.12751025311986,-30.03995480807395
2002-02-19,-24.421896688022162,31.73344504137733,52.94378299891907,-30.861667635217874
2002-02-20,-25.202350962405852,33.349575265824306,51.48852453431836,-30.540361576981194
2002-02-21,-24.107567386409862,33.000364089205306,51.86053370293867,-30.16578686701256
2002-02-22,-23.817097565430768,33.092014386723285,50.37335778922317,-30.80859799190959
2002-02-23,-25.376865168468598,34.78223643809563,48.83076098429045,-30.720472246514156
2002-02-24,-26.95423222681678,36.18323167158672,48.200021548330454,-31.44339567511356
2002-02-25,-27.080109156169893,35.88538642954217,48.44946963894649,-31.776253049175804
2002-02-26,-26.230097077965798,33.07932057721701,47.073341536973665,-30.8906404759715
2002-02-27,-27.291386712934496,32.705406628858576,46.27223509351187,-30.719584415066677
2002-02-28,-27.983285974774738,32.36163020945613,46.35455298750308,-30.26500044337309
2002-03-01,-27.744963831607556,31.700040319321545,46.26132250334252,-29.013039653059188
2002-03-02,-26.92275871417315,31.050928227127628,47.51164760331897,-29.082274202846197
2002-03-03,-29.328058066640537,33.13414634386829,48.194263437067775,-29.070468198282057
2002-03-04,-28.01936798580589,32.65708080822846,47.39190407177076,-29.48396335463192
2002-03-05,-26.92939344948149,33.187801590183895,47.34004937959875,-28.31296013259275
2002-03-06,-26.903095944012357,32.939102839953925,49.09755824091814,-26.057686459973226
2002-03-07,-26.569735446389753,34.50164200513678,48.96950885553435,-25.08673361480598
2002-03-08,-25.880941938663117,35.35622181722258,48.84493646261114,-26.69260432166264
2002-03-09,-26.38854053759302,34.815420564767436,49.605366033231384,-25.784065790072805
2002-03-10,-26.783417768222435,36.227469017471115,48.369801045387234,-25.772036762003854
2002-03-11,-26.124493977981565,36.92370138777087,45.62990696037839,-25.59820317074558
2002-03-12,-25.67893246110476,36.47334246526431,45.63846234213951,-25.355061696708034
2002-03-13,-24.43836906950659,37.18764200106523,44.28772743545544,-25.483858673041425
2002-03-14,-24.088589044626534,37.20640628002529,43.3462361139028,-24.092857331123497
2002-03-15,-23.33060079320165,38.274554190545906,43.834861801190804,-24.627292605458997
2002-03-16,-24.600606643151643,38.77145613459788,43.241602367842,-25.59286878978056
2002-03-17,-25.051481726976387,37.79015588186265,43.18975799738973,-25.86944545358116
2002-03-18,-26.16336895112429,37.61507403757063,43.8441955317562,-25.266665284562354
2002-03-19,-25.978148734676456,35.033524474086036,44.01718779832036,-23.278446774849584
2002-03-20,-26.60104725403609,35.659000392132235,44.022213781418294,-22.826592928054346
2002-03-21,-27.86541110395629,35.475077150725745,42.69946700658258,-22.508335043335236
2002-03-22,-27.367885470472533,34.753753140636405,42.52999059055526,-22.905938239972343
2002-03-23,-26.633994324015713,35.10633396984629,42.695257555350835,-23.42573474538644
2002-03-24,-27.24819748217226,36.2099652489416,43.23675530222753,-23.03655622995748
2002-03-25,-28.190881035183462,36.402237390277456,44.01328039526788,-22.057928210968054
2002-03-26,-29.064953468937958,35.83167489970747,42.58860327215184,-22.570168290112605
2002-03-27,-29.29328767560906,34.94432766280757,41.34263469214689,-20.282000755776803
2002-03-28,-30.780428294411976,34.920194414946,41.75574880395444,-20.966860260538407
2002-03-29,-32.40821143978495,32.606009908375405,41.5624944519393,-21.293317995998144
2002-03-30,-32.20711804916656,31.831984053048565,40.180446354639,-20.59547205148333
2002-03-31,-31.868096866229745,32.636184075612995,41.267244699303035,-20.718300368119458
2002-04-01,-33.104217718568464,32.01461489333174,41.903160887381084,-20.52921601973494
2002-04-02,-33.199983725140825,31.830550149272113,42.7705312726012,-20.415805625472974
2002-04-03,-33.07366365660224,31.91934263131826,43.094378707283774,-21.597692844032508
2002-04-04,-32.39922907924969,31.544628606386834,43.41864408067278,-21.119528552873394
2002-04-05,-31.8951324970479,31.774917084248283,44.039830126650266,-21.87624116973091
2002-04-06,-31.482532759957785,30.6043825380786,43.16120331458257,-20.92173952830234
2002-04-07,-32.69079844637143,29.658279977907355,42.853159941404876,-21.68824076325993
2002-04-08,-32.325649748271914,30.627182356986715,43.508651424081044,-21.32760059676478
2002-04-09,-32.367931596553476,31.93885443991861,43.2943762850732,-20.202571239008424
2002-04-10,-32.91268294298058,30.743512954585743,43.42127295493632,-19.034942982575792
2002-04-11,-32.011197161759654,30.81165763879959,42.51666282217185,-20.301772756200712
2002-04-12,-32.84280846992126,30.991350104261905,42.34027418287359,-17.787661957862582
2002-04-13,-33.60175063272993,29.967843130950918,43.15366628208467,-16.995148277842045
2002-04-14,-34.223497659470134,29.201693017784624,42.15620710632247,-17.581799678804742
2002-04-15,-32.31445310544179,29.48855624407635,41.82184064089389,-18.938392541622996
2002-04-16,-30.03623733115221,29.20642719282481,42.49329285577519,-19.456336232546633
2002-04-17,-32.082089970578565,29.356776446833464,43.94939287189391,-19.33446327176292
2002-04-18,-33.00854909212951,29.401665498892864,43.82438824840286,-19.10227061479523
2002-04-19,-32.96986620054952,30.41001664175548,44.37170677078468,-21.271102809930756
2002-04-20,-34.43943272609349,30.870442855613256,45.74704098966438,-22.520256939155658
2002-04-21,-34.85396277228185,29.632184828904126,46.56029473804081,-23.172072509159875
2002-04-22,-35.08670702514922,30.14325839114403,47.06896543013189,-23.169064549064885
2002-04-23,-35.96633167767071,30.71113897475576,47.471565653524,-24.721535247745713
2002-04-24,-35.97813230656818,31.348229460669355,47.55298866528087,-24.369302057890266
2002-04-25,-34.60861588998639,29.58544081223111,48.18590722475183,-24.007335063403293
2002-04-26,-34.563806103800935,29.45610946770458,47.03949848067181,-24.442080140849335
2002-04-27,-35.35595380516993,29.350565469201573,47.986081602804965,-23.651215277114225
2002-04-28,-36.410779250429265,30.734436504510303,47.69537808380225,-24.40618934789993
2002-04-29,-36.400276186842284,29.91728380245648,46.57734849616083,-23.562974326663088
2002-04-30,-35.364212068568555,28.702343308152205,47.37867774406416,-23.316800937226272
2002-05-01,-35.69939891139002,27.755564512783835,49.27510872574818,-24.140136416365312
2002-05-02,-34.85634662601893,28.40354305936737,48.51843232658932,-27.068179175718583
2002-05-03,-34.155523855787905,27.611002775265717,47.08995398960883,-27.24178779081285
2002-05-04,-33.73445535877575,26.712544349565235,46.54404365641192,-28.386293382924702
2002-05-05,-35.5677525819493,26.152618331606174,47.192482773304086,-29.07570123823745
2002-05-06,-36.34020618489753,25.241935182657116,46.57943966758217,-29.632055299738894
2002-05-07,-36.88924849250951,26.751242352629923,45.66761171349225,-30.862250460115924
2002-05-08,-36.92138790937608,28.350523921559194,47.31021388225336,-30.314420268440976
2002-05-09,-35.84024253723123,27.806306776577763,47.58974272297924,-30.778154604869293
2002-05-10,-35.20550973611376,28.390760374450732,48.43196985779425,-30.507556340725703
2002-05-11,-35.24983261755065,30.420732175355372,49.21927037815362,-30.534407129727917
2002-05-12,-34.97098639526826,31.09725101670602,49.39079612907074,-30.622421834166566
2002-05-13,-35.272483578360756,32.16830785531843,49.35631799555385,-30.025716534697487
2002-05-14,-34.83127011487673,32.16335798174418,49.900530464206206,-30.643994843029922
2002-05-15,-34.13404068388338,32.768172845550744,48.17936126279343,-30.923598854975328
2002-05-16,-33.7828579235275,32.135480604633045,46.84808804919354,-30.77251203140695
2002-05-17,-34.30449750078058,31.025606188312363,46.228877739240836,-30.264325362074278
2002-05-18,-36.8825892938091,30.37533885525544,47.10682793454274,-31.01874621976094
2002-05-19,-35.98601390011787,30.436850420212387,45.39931391911871,-30.841600804322535
2002-05-20,-36.264447634489926,30.971146679943576,47.63138165991226,-31.24856954771192
2002-05-21,-36.41360564068334,32.39602668059633,46.22164293736705,-29.211299529276534
2002-05-22,-37.1739889653653,34.45896776228843,47.93056504240045,-28.92558724765125
2002-05-23,-36.352308352268665,34.079254151735604,48.46562358766038,-28.322469930460436
2002-05-24,-36.47499030382177,33.81376456293897,48.64633058209085,-29.07552678876569
2002-05-25,-37.24924906563006,34.30342383669094,49.850103039626255,-30.06706371332227
2002-05-26,-36.41428911095138,33.43101456290076,49.30126001509511,-31.44547373524214
2002-05-27,-36.25083717283111,34.646533380247355,48.23603525303636,-29.80085000707969
2002-05-28,-35.77055797866361,37.01901630650727,50.22833066139379,-30.178495976143914
2002-05-29,-36.56584709106681,37.79170742345566,48.28596389969798,-29.74198546557673
2002-05-30,-37.98253102739757,38.47610463447377,48.44445368291494,-29.14427886891867
2002-05-31,-38.10426332699906,38.842339659626205,47.76461973467489,-28.308519503557132
2002-06-01,-39.15526673142019,37.992758976667666,47.38617662759268,-31.05895690479464
2002-06-02,-40.570971051110924,41.10546168591047,47.10035838554165,-31.537354431834785
2002-06-03,-39.953034060814794,41.72498618000554,48.53312504230545,-32.1156845242808
2002-06-04,-38.972207660680986,42.02651720696132,49.504177983654515,-32.21230985954114
2002-06-05,-41.27230035033038,41.97268122783962,49.242048797514066,-31.38304063572025
2002-06-06,-40.54356428648869,41.421471150023876,50.05252091273885,-33.184974059162876
2002-06-07,-39.13034348529919,40.103866837734294,48.69977576841774,-33.285763679807076
2002-06-08,-39.20623182859282,42.06325230574236,48.711445041451064,-33.335195321027435
2002-06-09,-40.62722251085506,40.54993592835769,48.44041698083859,-35.080533639174924
2002-06-10,-40.15851039175018,39.9780274891195,47.88541473082785,-35.032422585364486
2002-06-11,-39.42607335340717,39.109141094223276,47.37165220007729,-34.32590161445472
2002-06-12,-39.84906835447001,37.98471747578247,46.8678581849606,-35.335663377950056
2002-06-13,-41.17324837521578,36.224044021289394,47.79754633991265,-36.97400643023899
2002-06-14,-40.65034677163617,36.459479179680336,48.037399936659995,-36.936585513351496
2002-06-15,-41.11595211844275,36.01960403019934,51.66321625066202,-38.611700876674746
2002-06-16,-41.93205827830509,36.25475169353393,51.524943034027885,-37.9872447588359
2002-06-17,-43.361912430853195,36.36967520736714,51.43375870330013,-38.833998361052736
2002-06-18,-42.13268190418304,37.148862514190924,50.73585866149618,-38.46398067886077
2002-06-19,-43.101196633814645,35.752458815663466,50.469132848144305,-38.266391443646654
2002-06-20,-42.681569916866486,34.67510449218074,51.534018105549606,-38.57615126274092
2002-06-21,-41.51243159514685,36.5296678822256,52.92700608195621,-39.70017559577109
2002-06-22,-40.81600989573243,37.21536157975226,52.120153403199794,-40.73763420589584
2002-06-23,-41.87322893161306,38.15577941819839,50.79933632168357,-41.831864489361486
2002-06-24,-40.94250072659496,37.145251643385826,51.79882926702849,-42.49973512896122
2002-06-25,-40.95175311184251,37.6236558692535,51.42514945069198,-43.65099916375142
2002-06-26,-41.13228427069102,38.844534854235725,51.47279234023882,-43.85402720567577
2002-06-27,-40.459804730571506,40.17273584731191,52.42674282192104,-44.22457967671598
2002-06-28,-42.10293142673841,40.649470117563865,53.68818776830524,-45.256078976850695
2002-06-29,-43.57690901747064,41.78937022950786,53.660190774346695,-44.10171298425851
2002-06-30,-44.84329090507539,41.99986475625739,54.373555991994465,-43.18943827193859
2002-07-01,-45.098775756353156,42.976074418389224,54.66102933884614,-42.749405926207835
2002-07-02,-45.92029030774673,41.41965074035618,55.51380452622871,-43.96612838228969
2002-07-03,-45.10960492983464,40.80403344816695,54.79762863852805,-43.31336219545067
2002-07-04,-46.29966571439396,39.98973043161108,55.25418676123381,-45.078556308010846
2002-07-05,-48.09505222869401,39.94552956044711,56.207013349666674,-47.125420921207876
2002-07-06,-47.67913328657346,41.171366989460495,57.90887163636827,-47.976115139814944
2002-07-07,-46.76352328868052,41.431378116982245,58.37074270098865,-45.16650398600913
2002-07-08,-49.226064109845964,41.318341822167866,59.962273964137644,-46.537871462387976
2002-07-09,-49.45936219347874,41.46419916870062,59.86617185938769,-46.47168865972424
2002-07-10,-49.664874110865284,40.62356502925783,59.75825444041883,-46.23419384467125
2002-07-11,-49.8592990399013,41.43724731675359,59.54455558679662,-46.00674558806233
2002-07-12,-50.855978798431444,42.53589793562138,60.56536001692526,-48.036544090531905
2002-07-13,-51.57355125693852,42.88139724804718,60.993907941802014,-49.92320169461039
2002-07-14,-51.205647640110165,43.11672453914242,61.37902695691001,-49.3576989712528
2002-07-15,-52.21509973892739,44.56803734800677,62.23428820467844,-48.9887301971098
2002-07-16,-53.77726736270236,44.68810024071044,63.275823074246134,-47.766371692145036
2002-07-17,-52.31143490390803,45.99578624021392,63.664425356885175,-46.71402151682558
2002-07-18,-53.209168414918835,44.772728730513805,63.88975037632003,-47.66207804925963
2002-07-19,-53.321472614984735,45.951509391802055,64.36721880488622,-48.52293044016842
2002-07-20,-53.01556040144783,46.13396962360412,64.82764443363256,-49.32626151038485
2002-07-21,-53.158681044864394,44.81280287691954,63.48861268722301,-48.865670160335654
2002-07-22,-51.99696406107539,45.35796531188242,63.772292979750226,-50.25726940548743
2002-07-23,-51.68387627408086,46.10074519641128,63.095684731466264,-50.02475245410565
2002-07-24,-51.05508976545388,47.373171630252585,64.1769990836434,-49.386419627158794
2002-07-25,-52.22817582819149,47.23211696084866,65.23334770625637,-48.22310696512697
2002-07-26,-51.81756385364632,47.718292733812376,63.689915382972536,-49.42109339367512
2002-07-27,-51.7912565236905,47.92701640889626,63.76168978268573,-46.918992984439214
2002-07-28,-53.20158917934117,49.31139526752234,64.4892709050025,-45.830276026771635
2002-07-29,-55.36389506430497,51.134294631565965,63.595970382681486,-46.33094938288322
2002-07-30,-56.325620231474986,53.10572781706395,63.295359531710645,-45.07145985688754
2002-07-31,-57.19362093409877,53.56917389893829,61.78204898694828,-45.07502149008434
2002-08-01,-56.850133584922496,53.11601877281886,62.42887038375847,-46.83564311762158
2002-08-02,-56.136900752421546,53.777746256859146,62.24893767751417,-45.94796298744933
2002-08-03,-57.62403021531675,54.99346100317409,60.9901182502743,-47.60281346658966
2002-08-04,-59.06813360351093,53.484045359215315,62.17591827147826,-48.340191362281786
2002-08-05,-59.606401599958396,53.4479116409591,61.950588409802776,-47.11498541309357
2002-08-06,-58.979435478446014,52.549818505796836,63.33726983490815,-45.30672693892418
2002-08-07,-60.31807578748066,53.80013288228045,63.50659154055269,-44.499892837247074
2002-08-08,-60.67402155271891,53.76973849512291,63.377430185186455,-43.664955355120384
2002-08-09,-60.262265793928485,53.78879144462232,63.41919162696002,-43.34108903637285
2002-08-10,-60.01682518219628,53.245032694957644,63.06142018652616,-43.267787946500796
2002-08-11,-58.35781450013719,52.48526192602176,60.40879521037372,-43.48625647806063
2002-08-12,-59.07975916781682,51.11528031352862,60.41283137961429,-41.49978503544685
2002-08-13,-60.6078878917808,51.74745435059561,62.05915393765983,-42.720790848844395
2002-08-14,-59.335791221591066,52.20957328672853,63.56005405020204,-44.67204278654377
2002-08-15,-60.62141096266434,54.504490791806276,64.80369419330925,-46.15490559990738
2002-08-16,-62.185088135483454,55.63387103547643,64.81756771869354,-46.55722226304024
2002-08-17,-62.49658195339604,57.15681234316709,65.53880925239497,-46.98613967630723
2002-08-18,-64.6323330546921,56.11269318357116,67.94789953939981,-48.42374076327496
2002-08-19,-65.41813877492356,57.10839062243833,69.87344413975671,-50.09454798649929
2002-08-20,-65.5917440074382,55.82791209699243,69.10915318095404,-50.06984070538422
2002-08-21,-66.022275163933,54.66800342108273,68.18733919415169,-51.62288326994313
2002-08-22,-66.09414252192616,52.831193277811174,67.72446111892356,-49.84753180047975
2002-08-23,-67.44173109531808,54.944688117465255,67.0368623711727,-48.46543421054922
2002-08-24,-66.9294689805854,52.418959249939746,66.13149643373615,-47.91260485066001
2002-08-25,-67.81807796189946,51.57893237105169,66.78351868242905,-48.47922774514775
2002-08-26,-66.34310167851943,51.474626572006194,67.65388874023138,-48.11290860658106
2002-08-27,-66.36951636820967,50.88240167067065,68.27988379524518,-48.588631534287515
2002-08-28,-66.910012148542,51.47387288705251,66.72511851581486,-46.71067645982161
2002-08-29,-67.99964263655954,52.010500842091595,67.36113710215575,-46.4324149991873
2002-08-30,-67.0193134014826,52.30885517510954,66.43842425432803,-46.25280508288526
2002-08-31,-66.71808890784563,54.17355715300139,67.21879976083855,-46.2218624228681
2002-09-01,-66.13971644373163,53.84482386382579,69.27216689268307,-46.06346266220568
2002-09-02,-65.47104539716149,54.48350954109294,69.59335892498271,-45.82922881196009
2002-09-03,-65.53567757231872,54.92616622948279,70.13513665174882,-45.646807621083646
2002-09-04,-65.55405408253968,54.83033120152825,69.9633451827787,-44.19815161483673
2002-09-05,-66.22198252419942,53.72084628281751,70.7913598144512,-43.629425751231004
2002-09-06,-67.18997639936332,53.55228372850187,68.82907251787286,-42.88482133402239
2002-09-07,-67.20644418480208,53.367498888328456,66.53589015531686,-43.81858419829652
2002-09-08,-66.59720798133021,53.167423117451605,67.45454705999094,-43.955623651436525
2002-09-09,-65.82683967660023,53.08143872918868,66.75963671095799,-44.54316016506941
2002-09-10,-65.67326935618804,52.781863185986964,68.1939537772218,-45.28056103013813
2002-09-11,-64.86135246925915,52.84545197622946,68.02863332107829,-45.87203533300116
2002-09-12,-66.36372219512309,52.734299536708455,67.69206816963775,-45.10890958398197
2002-09-13,-66.29478341187978,52.41874028819569,67.14621900000037,-46.09969616325647
2002-09-14,-64.9958944818234,51.409547132006054,67.70892713389757,-45.86313608165275
2002-09-15,-65.99455370963013,51.48263826820064,67.96712589670882,-45.88798603989505
2002-09-16,-65.60729135112074,50.76711116744,69.01760079961615,-43.84846862115104
2002-09-17,-63.85103111892859,49.339480034219406,69.52585865414368,-44.35647803297732
2002-09-18,-64.11255423884353,47.57430652468094,68.89983911093032,-43.42623220036804
2002-09-19,-62.996647932443324,48.439573481880764,67.73281377942608,-45.29339333561462
2002-09-20,-61.27236504510927,49.80228633183866,65.77564366422517,-45.119380288612156
2002-09-21,-60.880090695452616,49.43780166702729,64.65172253998111,-44.905116610078174
2002-09-22,-60.77081145191797,49.51361582798118,64.66982652686345,-45.41562625910907
2002-09-23,-59.82544067129863,51.43928853223116,65.93210047735028,-43.92620114655608
2002-09-24,-59.49938894894441,50.0153352350902,65.75469432043779,-45.092689879637966
2002-09-25,-59.211550016297515,49.18024727545096,66.79848631610818,-44.79738421698218
2002-09-26,-58.953304333690994,50.25112425435781,66.52315722009459,-44.605179218533046
